# Redirects and rewrites for Cloudflare Pages
# Ensure trailing slashes
/content    /content/    301
/content/*  /content/:splat/    301!

# Redirect old paths to new structure
/user-guide/installation/    /content/getting-started/installation/    301
/user-guide/features/        /content/features/    301
/advanced/examples/          /content/examples/    301
/user-guide/troubleshooting/ /content/troubleshooting/    301
/development/contributing/   /content/contributing/    301
/advanced/docker-management/ /content/advanced/docker-management/    301
/advanced/vm-control/        /content/advanced/vm-control/    301
/advanced/user-scripts/      /content/advanced/user-scripts/    301

# Fallbacks
/*    /index.html   404